documentType;uid;operatorId;requestType;isAllStatuses
1;316033f7-8206-46cc-ba5e-dc755e850c1a;840e4625-7224-44c5-855e-292893b82f07;3;true
1;11c3b7a2-bcdb-4130-a6be-d066aa0e55aa;840e4625-7224-44c5-855e-292893b82f07;3;true
1;5140d822-aa7d-49b3-b419-cdd757eca424;840e4625-7224-44c5-855e-292893b82f07;3;true
1;11bf74d9-b3ad-4e7d-bc94-28be68fbb625;840e4625-7224-44c5-855e-292893b82f07;3;true
1;51c2c879-5ae6-4a4f-ac68-526fe7e0991b;840e4625-7224-44c5-855e-292893b82f07;3;true
1;11899dc5-402a-4ce8-ad6c-8e0c1400b7dd;840e4625-7224-44c5-855e-292893b82f07;3;true
1;5105541a-0d87-42d1-b49b-52484a6e9e55;840e4625-7224-44c5-855e-292893b82f07;3;true
1;517402e4-82bc-4bec-9bea-a0341497f958;840e4625-7224-44c5-855e-292893b82f07;3;true
1;11ba570e-ce52-438d-8b3d-2afd2ccc5e66;840e4625-7224-44c5-855e-292893b82f07;3;true
1;51b0c133-204f-4214-89a7-28f6c36b5c57;840e4625-7224-44c5-855e-292893b82f07;3;true
1;515261f7-c22d-4c23-8b35-b0f536858304;840e4625-7224-44c5-855e-292893b82f07;3;true
1;31fc77b8-79eb-4cf2-b415-623f57637c27;840e4625-7224-44c5-855e-292893b82f07;3;true
1;11b45f63-0b5a-4c14-89d6-538674f75f72;840e4625-7224-44c5-855e-292893b82f07;3;true
1;11132531-a0c4-49cb-84fa-45f2107fab5f;840e4625-7224-44c5-855e-292893b82f07;3;true
1;31ebe400-17fe-49ca-8d3a-c90cad91b90f;840e4625-7224-44c5-855e-292893b82f07;3;true
1;5109c321-7b32-4533-a7b1-ade0bbb4cff4;840e4625-7224-44c5-855e-292893b82f07;3;true
1;110f6372-f7a5-434b-b530-dd22563b59f0;840e4625-7224-44c5-855e-292893b82f07;3;true
1;312ba158-3323-4542-a038-b803e0d84dda;840e4625-7224-44c5-855e-292893b82f07;3;true
1;51e09215-3308-4b3d-8bfa-9b37035655de;840e4625-7224-44c5-855e-292893b82f07;3;true
1;3137d06a-2c45-4195-b9e3-513b5b5474e5;840e4625-7224-44c5-855e-292893b82f07;3;true
1;318e2395-3b25-4600-a9ae-6b77114cedcd;840e4625-7224-44c5-855e-292893b82f07;3;true
1;119b9f46-f03a-4433-a599-d4332422d456;840e4625-7224-44c5-855e-292893b82f07;3;true
1;310572eb-3599-4158-8a85-c65ee1fc641a;840e4625-7224-44c5-855e-292893b82f07;3;true
1;5125134f-6e82-4883-9df9-35d8875407ba;840e4625-7224-44c5-855e-292893b82f07;3;true
1;51abe101-5f9b-4e29-91fa-42996165b127;840e4625-7224-44c5-855e-292893b82f07;3;true
1;312c87dd-915c-4d34-9516-681f51e369ba;840e4625-7224-44c5-855e-292893b82f07;3;true
1;11bc72f5-beaf-413b-83e5-de37f722d68f;840e4625-7224-44c5-855e-292893b82f07;3;true
1;31020155-bf01-4e21-8fcc-4eca12dd2f29;840e4625-7224-44c5-855e-292893b82f07;3;true
1;31a11435-5512-4007-b134-44d8cb154aca;840e4625-7224-44c5-855e-292893b82f07;3;true
1;312990a5-c8c6-4e10-9747-2d0658ea7e54;840e4625-7224-44c5-855e-292893b82f07;3;true
1;31c28077-7fdb-484a-9dd2-118eab69923f;840e4625-7224-44c5-855e-292893b82f07;3;true
1;511ef95e-90db-4d47-bf33-f6b0c4d4d319;840e4625-7224-44c5-855e-292893b82f07;3;true
1;11e8fca1-d4f4-4989-8fb9-8dbdfc141287;840e4625-7224-44c5-855e-292893b82f07;3;true
1;31de52c8-7c29-45ba-a5d9-65843a0b1759;840e4625-7224-44c5-855e-292893b82f07;3;true
1;31ccf590-7d98-4135-9421-8fef08820e5d;840e4625-7224-44c5-855e-292893b82f07;3;true
1;111cb20d-c3bb-40ee-8775-ce6715b55d0d;840e4625-7224-44c5-855e-292893b82f07;3;true
1;11928e91-9cc5-4ae5-9d4b-abbc9daac36d;840e4625-7224-44c5-855e-292893b82f07;3;true
1;311ab972-e018-4cfe-b6ef-1a6aa3ce3dd3;840e4625-7224-44c5-855e-292893b82f07;3;true
1;31901df5-1602-4aa9-8fa4-043b07929e67;840e4625-7224-44c5-855e-292893b82f07;3;true
1;31cdb596-c940-4baf-b582-c60f4d959f37;840e4625-7224-44c5-855e-292893b82f07;3;true
1;51a81cd2-51b7-4337-98e6-13a65177436b;840e4625-7224-44c5-855e-292893b82f07;3;true
1;1102d084-2710-455d-9605-d819bac63344;840e4625-7224-44c5-855e-292893b82f07;3;true
1;11b2504c-18b0-4802-8b94-32bf05222191;840e4625-7224-44c5-855e-292893b82f07;3;true
1;1194c28c-0d19-44b0-b1eb-0d45d08238d0;840e4625-7224-44c5-855e-292893b82f07;3;true
1;51fb7755-3c7b-4be3-aba7-eb8597f400c0;840e4625-7224-44c5-855e-292893b82f07;3;true
1;31de4336-2202-47ac-a57a-04b19ae65381;840e4625-7224-44c5-855e-292893b82f07;3;true
1;511d3cdd-48df-4458-bd04-df2a9b3c3523;840e4625-7224-44c5-855e-292893b82f07;3;true
1;31e9aa94-ffd2-4ce7-89b2-10922bfc21f6;840e4625-7224-44c5-855e-292893b82f07;3;true
1;5117b3f4-4152-4d74-bf89-ce2fa0c3eb95;840e4625-7224-44c5-855e-292893b82f07;3;true
1;51bc2278-91b7-45fa-85cd-ceee91c1ce84;840e4625-7224-44c5-855e-292893b82f07;3;true
1;31d395ac-e900-4229-a3bb-27947fe0ff22;840e4625-7224-44c5-855e-292893b82f07;3;true
1;316cac14-0f5a-4ca4-9aec-ea3ad64031fd;840e4625-7224-44c5-855e-292893b82f07;3;true
1;11cce172-9f5c-4b07-a5f1-59bd9aa5c1ab;840e4625-7224-44c5-855e-292893b82f07;3;true
1;3145d221-0f4a-40fe-8d40-cbdca5840a61;840e4625-7224-44c5-855e-292893b82f07;3;true
1;51701c7e-27ab-4893-bee7-b1998488ff2d;840e4625-7224-44c5-855e-292893b82f07;3;true
1;11d62b48-f431-4f9f-b79a-ff0ab1ec6565;840e4625-7224-44c5-855e-292893b82f07;3;true
1;51c6e8a1-c4a4-40fc-8081-ae94e94e2078;840e4625-7224-44c5-855e-292893b82f07;3;true
1;31b66dba-ffad-4705-b613-fc51f51edcd6;840e4625-7224-44c5-855e-292893b82f07;3;true
1;1166eab7-e872-4853-8c71-50bdf3083f31;840e4625-7224-44c5-855e-292893b82f07;3;true
1;11e20460-8e6f-469d-b258-d1c02d139da4;840e4625-7224-44c5-855e-292893b82f07;3;true
1;5192356d-770a-4116-8053-fcd177625b25;840e4625-7224-44c5-855e-292893b82f07;3;true
1;31279426-7b2e-4c5c-8a9c-d245319d0539;840e4625-7224-44c5-855e-292893b82f07;3;true
1;1155c87f-f24b-43e0-8508-2d3ac5d6f9e5;840e4625-7224-44c5-855e-292893b82f07;3;true
1;11a8f4d5-cbbd-4a6d-b795-1c016bdb8ab6;840e4625-7224-44c5-855e-292893b82f07;3;true
1;510293f5-268f-4f46-ae9d-96c3296e29e5;840e4625-7224-44c5-855e-292893b82f07;3;true
1;31aa8e85-b673-4434-8d96-d4325088ef54;840e4625-7224-44c5-855e-292893b82f07;3;true
1;519875ef-0e0f-4eb3-90e0-68229eac4348;840e4625-7224-44c5-855e-292893b82f07;3;true
1;51dc470b-ce46-4fbf-aa7e-4b51a64b8f59;840e4625-7224-44c5-855e-292893b82f07;3;true
1;51770984-8d09-43d0-89f4-deb56f0cb87e;840e4625-7224-44c5-855e-292893b82f07;3;true
1;3133c7d3-8c36-47ac-b3d1-fb39a2580909;840e4625-7224-44c5-855e-292893b82f07;3;true
1;11f18d71-8986-4230-b847-b9f81f7dacdb;840e4625-7224-44c5-855e-292893b82f07;3;true
1;31052cbd-92aa-4bae-ae6e-b24839bef5cd;840e4625-7224-44c5-855e-292893b82f07;3;true
1;313d60e0-565c-40fe-9f64-e3d4c58cd38f;840e4625-7224-44c5-855e-292893b82f07;3;true
1;51425277-00db-4e55-9483-c911489613c5;840e4625-7224-44c5-855e-292893b82f07;3;true
1;117a1a4e-e9e3-46c7-b2a7-fb30f5026d03;840e4625-7224-44c5-855e-292893b82f07;3;true
1;117ee6a7-3bc0-4655-96f6-4be24b5eecdb;840e4625-7224-44c5-855e-292893b82f07;3;true
1;11928e91-9cc5-4ae5-9d4b-abbc9daac36d;840e4625-7224-44c5-855e-292893b82f07;3;true
1;510b6d74-d445-4e2c-a9e9-86f17e0f4560;840e4625-7224-44c5-855e-292893b82f07;3;true
1;51440703-1c7c-4f63-a341-a2bbd8649685;840e4625-7224-44c5-855e-292893b82f07;3;true
1;11cb5860-2454-4361-bfe8-2b64cc1e85ec;840e4625-7224-44c5-855e-292893b82f07;3;true
1;316a2e71-73c9-4564-9cb8-bb75365d8123;840e4625-7224-44c5-855e-292893b82f07;3;true
1;5154eee4-d2ee-48d3-b6a4-9322987c8664;840e4625-7224-44c5-855e-292893b82f07;3;true
1;115b78b4-da00-40f5-88b1-dec18994c114;840e4625-7224-44c5-855e-292893b82f07;3;true
1;11fcdeba-0803-4da7-b1f4-70262a2a8ff3;840e4625-7224-44c5-855e-292893b82f07;3;true
1;31788332-c2ef-4870-a2a6-03cef72016c9;840e4625-7224-44c5-855e-292893b82f07;3;true
1;31f67ae0-0544-40bb-984a-a474df3a2f9d;840e4625-7224-44c5-855e-292893b82f07;3;true
1;115308e1-1da2-4902-b549-f71a22044f95;840e4625-7224-44c5-855e-292893b82f07;3;true
1;5120c029-be22-4c20-9f11-7d822c009a19;840e4625-7224-44c5-855e-292893b82f07;3;true
1;51bb987f-96ef-4efa-82dc-0b1145251339;840e4625-7224-44c5-855e-292893b82f07;3;true
1;11437ea9-4666-4891-b9d3-7c7a52de13ba;840e4625-7224-44c5-855e-292893b82f07;3;true
1;517b553c-942d-4602-9c79-d4941a926804;840e4625-7224-44c5-855e-292893b82f07;3;true
1;51e3148e-861e-4244-9f45-3b4106f38c89;840e4625-7224-44c5-855e-292893b82f07;3;true
1;51e571ce-f96a-41db-9611-0b96d8b41d7a;840e4625-7224-44c5-855e-292893b82f07;3;true
1;51dc470b-ce46-4fbf-aa7e-4b51a64b8f59;840e4625-7224-44c5-855e-292893b82f07;3;true
1;31c1430b-6947-4db3-8cd6-8bedcc3466b9;840e4625-7224-44c5-855e-292893b82f07;3;true
1;31ee6b6a-0066-4c46-bea3-9b6558211827;840e4625-7224-44c5-855e-292893b82f07;3;true
1;116c3b27-411b-459f-b1b5-e9678ca60fd2;840e4625-7224-44c5-855e-292893b82f07;3;true
1;514235e3-1274-444c-b53b-456e2b5781e9;840e4625-7224-44c5-855e-292893b82f07;3;true
1;31857a71-721a-465f-aeeb-d462c8c1f667;840e4625-7224-44c5-855e-292893b82f07;3;true
1;31a8d2d6-5f0d-4cf9-a20a-cdd20cb09a58;840e4625-7224-44c5-855e-292893b82f07;3;true